run_id,topic_id,count
0a5f40e9-74da-4dd,0a5f40e9-74da-4dd-TOPIC_19,26
0a5f40e9-74da-4dd,0a5f40e9-74da-4dd-TOPIC_18,2442
0a5f40e9-74da-4dd,0a5f40e9-74da-4dd-TOPIC_17,5474
0a5f40e9-74da-4dd,0a5f40e9-74da-4dd-TOPIC_16,14
0a5f40e9-74da-4dd,0a5f40e9-74da-4dd-TOPIC_15,32
0a5f40e9-74da-4dd,0a5f40e9-74da-4dd-TOPIC_14,16
0a5f40e9-74da-4dd,0a5f40e9-74da-4dd-TOPIC_13,133
0a5f40e9-74da-4dd,0a5f40e9-74da-4dd-TOPIC_12,32
0a5f40e9-74da-4dd,0a5f40e9-74da-4dd-TOPIC_11,545
0a5f40e9-74da-4dd,0a5f40e9-74da-4dd-TOPIC_10,14
0a5f40e9-74da-4dd,0a5f40e9-74da-4dd-TOPIC_9,17
0a5f40e9-74da-4dd,0a5f40e9-74da-4dd-TOPIC_8,15
0a5f40e9-74da-4dd,0a5f40e9-74da-4dd-TOPIC_7,70
0a5f40e9-74da-4dd,0a5f40e9-74da-4dd-TOPIC_6,17
0a5f40e9-74da-4dd,0a5f40e9-74da-4dd-TOPIC_5,138
0a5f40e9-74da-4dd,0a5f40e9-74da-4dd-TOPIC_4,7
0a5f40e9-74da-4dd,0a5f40e9-74da-4dd-TOPIC_3,27
0a5f40e9-74da-4dd,0a5f40e9-74da-4dd-TOPIC_2,20
0a5f40e9-74da-4dd,0a5f40e9-74da-4dd-TOPIC_1,17
0a5f40e9-74da-4dd,0a5f40e9-74da-4dd-TOPIC_0,104
9dac3b75-81fc-471,9dac3b75-81fc-471-TOPIC_64,41
9dac3b75-81fc-471,9dac3b75-81fc-471-TOPIC_63,274
9dac3b75-81fc-471,9dac3b75-81fc-471-TOPIC_62,108
9dac3b75-81fc-471,9dac3b75-81fc-471-TOPIC_61,177
9dac3b75-81fc-471,9dac3b75-81fc-471-TOPIC_60,254
9dac3b75-81fc-471,9dac3b75-81fc-471-TOPIC_59,30
9dac3b75-81fc-471,9dac3b75-81fc-471-TOPIC_57,52
9dac3b75-81fc-471,9dac3b75-81fc-471-TOPIC_56,17
9dac3b75-81fc-471,9dac3b75-81fc-471-TOPIC_55,264
9dac3b75-81fc-471,9dac3b75-81fc-471-TOPIC_54,270
9dac3b75-81fc-471,9dac3b75-81fc-471-TOPIC_53,51
9dac3b75-81fc-471,9dac3b75-81fc-471-TOPIC_52,344
9dac3b75-81fc-471,9dac3b75-81fc-471-TOPIC_51,546
9dac3b75-81fc-471,9dac3b75-81fc-471-TOPIC_49,117
9dac3b75-81fc-471,9dac3b75-81fc-471-TOPIC_48,132
9dac3b75-81fc-471,9dac3b75-81fc-471-TOPIC_47,92
9dac3b75-81fc-471,9dac3b75-81fc-471-TOPIC_46,9
9dac3b75-81fc-471,9dac3b75-81fc-471-TOPIC_45,9
9dac3b75-81fc-471,9dac3b75-81fc-471-TOPIC_44,309
9dac3b75-81fc-471,9dac3b75-81fc-471-TOPIC_42,92
9dac3b75-81fc-471,9dac3b75-81fc-471-TOPIC_40,216
9dac3b75-81fc-471,9dac3b75-81fc-471-TOPIC_37,291
9dac3b75-81fc-471,9dac3b75-81fc-471-TOPIC_36,280
9dac3b75-81fc-471,9dac3b75-81fc-471-TOPIC_35,193
9dac3b75-81fc-471,9dac3b75-81fc-471-TOPIC_34,3
9dac3b75-81fc-471,9dac3b75-81fc-471-TOPIC_33,249
9dac3b75-81fc-471,9dac3b75-81fc-471-TOPIC_32,268
9dac3b75-81fc-471,9dac3b75-81fc-471-TOPIC_31,152
9dac3b75-81fc-471,9dac3b75-81fc-471-TOPIC_30,201
9dac3b75-81fc-471,9dac3b75-81fc-471-TOPIC_29,137
9dac3b75-81fc-471,9dac3b75-81fc-471-TOPIC_28,57
9dac3b75-81fc-471,9dac3b75-81fc-471-TOPIC_25,504
9dac3b75-81fc-471,9dac3b75-81fc-471-TOPIC_24,111
9dac3b75-81fc-471,9dac3b75-81fc-471-TOPIC_23,32
9dac3b75-81fc-471,9dac3b75-81fc-471-TOPIC_22,390
9dac3b75-81fc-471,9dac3b75-81fc-471-TOPIC_21,21
9dac3b75-81fc-471,9dac3b75-81fc-471-TOPIC_20,114
9dac3b75-81fc-471,9dac3b75-81fc-471-TOPIC_18,307
9dac3b75-81fc-471,9dac3b75-81fc-471-TOPIC_17,83
9dac3b75-81fc-471,9dac3b75-81fc-471-TOPIC_16,10
9dac3b75-81fc-471,9dac3b75-81fc-471-TOPIC_15,450
9dac3b75-81fc-471,9dac3b75-81fc-471-TOPIC_14,17
9dac3b75-81fc-471,9dac3b75-81fc-471-TOPIC_13,169
9dac3b75-81fc-471,9dac3b75-81fc-471-TOPIC_12,90
9dac3b75-81fc-471,9dac3b75-81fc-471-TOPIC_11,181
9dac3b75-81fc-471,9dac3b75-81fc-471-TOPIC_10,28
9dac3b75-81fc-471,9dac3b75-81fc-471-TOPIC_9,34
9dac3b75-81fc-471,9dac3b75-81fc-471-TOPIC_8,59
9dac3b75-81fc-471,9dac3b75-81fc-471-TOPIC_7,98
9dac3b75-81fc-471,9dac3b75-81fc-471-TOPIC_6,92
9dac3b75-81fc-471,9dac3b75-81fc-471-TOPIC_5,38
9dac3b75-81fc-471,9dac3b75-81fc-471-TOPIC_4,410
9dac3b75-81fc-471,9dac3b75-81fc-471-TOPIC_3,359
9dac3b75-81fc-471,9dac3b75-81fc-471-TOPIC_2,42
9dac3b75-81fc-471,9dac3b75-81fc-471-TOPIC_1,126
9dac3b75-81fc-471,9dac3b75-81fc-471-TOPIC_0,160
9dfd691b-518f-45c,9dfd691b-518f-45c-TOPIC_64,12
9dfd691b-518f-45c,9dfd691b-518f-45c-TOPIC_63,11
9dfd691b-518f-45c,9dfd691b-518f-45c-TOPIC_62,4
9dfd691b-518f-45c,9dfd691b-518f-45c-TOPIC_61,519
9dfd691b-518f-45c,9dfd691b-518f-45c-TOPIC_60,14
9dfd691b-518f-45c,9dfd691b-518f-45c-TOPIC_59,21
9dfd691b-518f-45c,9dfd691b-518f-45c-TOPIC_58,32
9dfd691b-518f-45c,9dfd691b-518f-45c-TOPIC_57,90
9dfd691b-518f-45c,9dfd691b-518f-45c-TOPIC_56,2352
9dfd691b-518f-45c,9dfd691b-518f-45c-TOPIC_55,43
9dfd691b-518f-45c,9dfd691b-518f-45c-TOPIC_54,10
9dfd691b-518f-45c,9dfd691b-518f-45c-TOPIC_53,18
9dfd691b-518f-45c,9dfd691b-518f-45c-TOPIC_52,37
9dfd691b-518f-45c,9dfd691b-518f-45c-TOPIC_51,32
9dfd691b-518f-45c,9dfd691b-518f-45c-TOPIC_50,11
9dfd691b-518f-45c,9dfd691b-518f-45c-TOPIC_49,15
9dfd691b-518f-45c,9dfd691b-518f-45c-TOPIC_48,22
9dfd691b-518f-45c,9dfd691b-518f-45c-TOPIC_47,16
9dfd691b-518f-45c,9dfd691b-518f-45c-TOPIC_46,76
9dfd691b-518f-45c,9dfd691b-518f-45c-TOPIC_45,11
9dfd691b-518f-45c,9dfd691b-518f-45c-TOPIC_44,18
9dfd691b-518f-45c,9dfd691b-518f-45c-TOPIC_43,18
9dfd691b-518f-45c,9dfd691b-518f-45c-TOPIC_42,83
9dfd691b-518f-45c,9dfd691b-518f-45c-TOPIC_41,9
9dfd691b-518f-45c,9dfd691b-518f-45c-TOPIC_40,31
9dfd691b-518f-45c,9dfd691b-518f-45c-TOPIC_39,5
9dfd691b-518f-45c,9dfd691b-518f-45c-TOPIC_38,7
9dfd691b-518f-45c,9dfd691b-518f-45c-TOPIC_37,13
9dfd691b-518f-45c,9dfd691b-518f-45c-TOPIC_36,17
9dfd691b-518f-45c,9dfd691b-518f-45c-TOPIC_35,29
9dfd691b-518f-45c,9dfd691b-518f-45c-TOPIC_34,13
9dfd691b-518f-45c,9dfd691b-518f-45c-TOPIC_33,16
9dfd691b-518f-45c,9dfd691b-518f-45c-TOPIC_32,27
9dfd691b-518f-45c,9dfd691b-518f-45c-TOPIC_31,12
9dfd691b-518f-45c,9dfd691b-518f-45c-TOPIC_30,12
9dfd691b-518f-45c,9dfd691b-518f-45c-TOPIC_29,12
9dfd691b-518f-45c,9dfd691b-518f-45c-TOPIC_28,17
9dfd691b-518f-45c,9dfd691b-518f-45c-TOPIC_27,13
9dfd691b-518f-45c,9dfd691b-518f-45c-TOPIC_26,11
9dfd691b-518f-45c,9dfd691b-518f-45c-TOPIC_25,22
9dfd691b-518f-45c,9dfd691b-518f-45c-TOPIC_24,7
9dfd691b-518f-45c,9dfd691b-518f-45c-TOPIC_23,4387
9dfd691b-518f-45c,9dfd691b-518f-45c-TOPIC_22,401
9dfd691b-518f-45c,9dfd691b-518f-45c-TOPIC_21,28
9dfd691b-518f-45c,9dfd691b-518f-45c-TOPIC_20,8
9dfd691b-518f-45c,9dfd691b-518f-45c-TOPIC_19,18
9dfd691b-518f-45c,9dfd691b-518f-45c-TOPIC_18,9
9dfd691b-518f-45c,9dfd691b-518f-45c-TOPIC_17,20
9dfd691b-518f-45c,9dfd691b-518f-45c-TOPIC_16,22
9dfd691b-518f-45c,9dfd691b-518f-45c-TOPIC_15,19
9dfd691b-518f-45c,9dfd691b-518f-45c-TOPIC_14,6
9dfd691b-518f-45c,9dfd691b-518f-45c-TOPIC_13,17
9dfd691b-518f-45c,9dfd691b-518f-45c-TOPIC_12,10
9dfd691b-518f-45c,9dfd691b-518f-45c-TOPIC_11,27
9dfd691b-518f-45c,9dfd691b-518f-45c-TOPIC_10,262
9dfd691b-518f-45c,9dfd691b-518f-45c-TOPIC_9,6
9dfd691b-518f-45c,9dfd691b-518f-45c-TOPIC_8,7
9dfd691b-518f-45c,9dfd691b-518f-45c-TOPIC_7,12
9dfd691b-518f-45c,9dfd691b-518f-45c-TOPIC_6,12
9dfd691b-518f-45c,9dfd691b-518f-45c-TOPIC_5,28
9dfd691b-518f-45c,9dfd691b-518f-45c-TOPIC_4,5
9dfd691b-518f-45c,9dfd691b-518f-45c-TOPIC_3,22
9dfd691b-518f-45c,9dfd691b-518f-45c-TOPIC_2,15
9dfd691b-518f-45c,9dfd691b-518f-45c-TOPIC_1,16
9dfd691b-518f-45c,9dfd691b-518f-45c-TOPIC_0,65
68eb7e63-56f5-43a,68eb7e63-56f5-43a-TOPIC_64,12
68eb7e63-56f5-43a,68eb7e63-56f5-43a-TOPIC_63,5
68eb7e63-56f5-43a,68eb7e63-56f5-43a-TOPIC_62,12
68eb7e63-56f5-43a,68eb7e63-56f5-43a-TOPIC_61,20
68eb7e63-56f5-43a,68eb7e63-56f5-43a-TOPIC_60,85
68eb7e63-56f5-43a,68eb7e63-56f5-43a-TOPIC_59,9
68eb7e63-56f5-43a,68eb7e63-56f5-43a-TOPIC_58,4395
68eb7e63-56f5-43a,68eb7e63-56f5-43a-TOPIC_57,9
68eb7e63-56f5-43a,68eb7e63-56f5-43a-TOPIC_56,18
68eb7e63-56f5-43a,68eb7e63-56f5-43a-TOPIC_55,7
68eb7e63-56f5-43a,68eb7e63-56f5-43a-TOPIC_54,10
68eb7e63-56f5-43a,68eb7e63-56f5-43a-TOPIC_53,14
68eb7e63-56f5-43a,68eb7e63-56f5-43a-TOPIC_52,59
68eb7e63-56f5-43a,68eb7e63-56f5-43a-TOPIC_51,76
68eb7e63-56f5-43a,68eb7e63-56f5-43a-TOPIC_50,14
68eb7e63-56f5-43a,68eb7e63-56f5-43a-TOPIC_49,11
68eb7e63-56f5-43a,68eb7e63-56f5-43a-TOPIC_48,8
68eb7e63-56f5-43a,68eb7e63-56f5-43a-TOPIC_47,14
68eb7e63-56f5-43a,68eb7e63-56f5-43a-TOPIC_46,7
68eb7e63-56f5-43a,68eb7e63-56f5-43a-TOPIC_45,18
68eb7e63-56f5-43a,68eb7e63-56f5-43a-TOPIC_44,9
68eb7e63-56f5-43a,68eb7e63-56f5-43a-TOPIC_43,5
68eb7e63-56f5-43a,68eb7e63-56f5-43a-TOPIC_42,8
68eb7e63-56f5-43a,68eb7e63-56f5-43a-TOPIC_41,64
68eb7e63-56f5-43a,68eb7e63-56f5-43a-TOPIC_40,18
68eb7e63-56f5-43a,68eb7e63-56f5-43a-TOPIC_39,21
68eb7e63-56f5-43a,68eb7e63-56f5-43a-TOPIC_38,14
68eb7e63-56f5-43a,68eb7e63-56f5-43a-TOPIC_37,6
68eb7e63-56f5-43a,68eb7e63-56f5-43a-TOPIC_36,36
68eb7e63-56f5-43a,68eb7e63-56f5-43a-TOPIC_35,12
68eb7e63-56f5-43a,68eb7e63-56f5-43a-TOPIC_34,15
68eb7e63-56f5-43a,68eb7e63-56f5-43a-TOPIC_33,9
68eb7e63-56f5-43a,68eb7e63-56f5-43a-TOPIC_32,33
68eb7e63-56f5-43a,68eb7e63-56f5-43a-TOPIC_31,14
68eb7e63-56f5-43a,68eb7e63-56f5-43a-TOPIC_30,146
68eb7e63-56f5-43a,68eb7e63-56f5-43a-TOPIC_29,12
68eb7e63-56f5-43a,68eb7e63-56f5-43a-TOPIC_28,9
68eb7e63-56f5-43a,68eb7e63-56f5-43a-TOPIC_27,36
68eb7e63-56f5-43a,68eb7e63-56f5-43a-TOPIC_26,5
68eb7e63-56f5-43a,68eb7e63-56f5-43a-TOPIC_25,173
68eb7e63-56f5-43a,68eb7e63-56f5-43a-TOPIC_24,5
68eb7e63-56f5-43a,68eb7e63-56f5-43a-TOPIC_23,241
68eb7e63-56f5-43a,68eb7e63-56f5-43a-TOPIC_22,10
68eb7e63-56f5-43a,68eb7e63-56f5-43a-TOPIC_21,179
68eb7e63-56f5-43a,68eb7e63-56f5-43a-TOPIC_20,25
68eb7e63-56f5-43a,68eb7e63-56f5-43a-TOPIC_19,16
68eb7e63-56f5-43a,68eb7e63-56f5-43a-TOPIC_18,8
68eb7e63-56f5-43a,68eb7e63-56f5-43a-TOPIC_17,13
68eb7e63-56f5-43a,68eb7e63-56f5-43a-TOPIC_16,19
68eb7e63-56f5-43a,68eb7e63-56f5-43a-TOPIC_15,26
68eb7e63-56f5-43a,68eb7e63-56f5-43a-TOPIC_14,2320
68eb7e63-56f5-43a,68eb7e63-56f5-43a-TOPIC_13,104
68eb7e63-56f5-43a,68eb7e63-56f5-43a-TOPIC_12,14
68eb7e63-56f5-43a,68eb7e63-56f5-43a-TOPIC_11,552
68eb7e63-56f5-43a,68eb7e63-56f5-43a-TOPIC_10,12
68eb7e63-56f5-43a,68eb7e63-56f5-43a-TOPIC_9,7
68eb7e63-56f5-43a,68eb7e63-56f5-43a-TOPIC_8,12
68eb7e63-56f5-43a,68eb7e63-56f5-43a-TOPIC_7,5
68eb7e63-56f5-43a,68eb7e63-56f5-43a-TOPIC_6,14
68eb7e63-56f5-43a,68eb7e63-56f5-43a-TOPIC_5,11
68eb7e63-56f5-43a,68eb7e63-56f5-43a-TOPIC_4,15
68eb7e63-56f5-43a,68eb7e63-56f5-43a-TOPIC_3,17
68eb7e63-56f5-43a,68eb7e63-56f5-43a-TOPIC_2,26
68eb7e63-56f5-43a,68eb7e63-56f5-43a-TOPIC_1,7
68eb7e63-56f5-43a,68eb7e63-56f5-43a-TOPIC_0,54
599b07ab-df3d-49b,599b07ab-df3d-49b-TOPIC_61,13
599b07ab-df3d-49b,599b07ab-df3d-49b-TOPIC_60,13
599b07ab-df3d-49b,599b07ab-df3d-49b-TOPIC_59,13
599b07ab-df3d-49b,599b07ab-df3d-49b-TOPIC_58,8
599b07ab-df3d-49b,599b07ab-df3d-49b-TOPIC_57,14
599b07ab-df3d-49b,599b07ab-df3d-49b-TOPIC_56,31
599b07ab-df3d-49b,599b07ab-df3d-49b-TOPIC_55,7
599b07ab-df3d-49b,599b07ab-df3d-49b-TOPIC_54,10
599b07ab-df3d-49b,599b07ab-df3d-49b-TOPIC_53,9
599b07ab-df3d-49b,599b07ab-df3d-49b-TOPIC_52,14
599b07ab-df3d-49b,599b07ab-df3d-49b-TOPIC_51,28
599b07ab-df3d-49b,599b07ab-df3d-49b-TOPIC_50,27
599b07ab-df3d-49b,599b07ab-df3d-49b-TOPIC_49,10
599b07ab-df3d-49b,599b07ab-df3d-49b-TOPIC_48,8
599b07ab-df3d-49b,599b07ab-df3d-49b-TOPIC_47,8
599b07ab-df3d-49b,599b07ab-df3d-49b-TOPIC_46,22
599b07ab-df3d-49b,599b07ab-df3d-49b-TOPIC_45,9
599b07ab-df3d-49b,599b07ab-df3d-49b-TOPIC_44,25
599b07ab-df3d-49b,599b07ab-df3d-49b-TOPIC_43,23
599b07ab-df3d-49b,599b07ab-df3d-49b-TOPIC_42,62
599b07ab-df3d-49b,599b07ab-df3d-49b-TOPIC_41,19
599b07ab-df3d-49b,599b07ab-df3d-49b-TOPIC_40,1471
599b07ab-df3d-49b,599b07ab-df3d-49b-TOPIC_39,20
599b07ab-df3d-49b,599b07ab-df3d-49b-TOPIC_38,9
599b07ab-df3d-49b,599b07ab-df3d-49b-TOPIC_37,99
599b07ab-df3d-49b,599b07ab-df3d-49b-TOPIC_36,8
599b07ab-df3d-49b,599b07ab-df3d-49b-TOPIC_35,33
599b07ab-df3d-49b,599b07ab-df3d-49b-TOPIC_34,44
599b07ab-df3d-49b,599b07ab-df3d-49b-TOPIC_33,18
599b07ab-df3d-49b,599b07ab-df3d-49b-TOPIC_32,17
599b07ab-df3d-49b,599b07ab-df3d-49b-TOPIC_31,17
599b07ab-df3d-49b,599b07ab-df3d-49b-TOPIC_30,10
599b07ab-df3d-49b,599b07ab-df3d-49b-TOPIC_29,17
599b07ab-df3d-49b,599b07ab-df3d-49b-TOPIC_28,496
599b07ab-df3d-49b,599b07ab-df3d-49b-TOPIC_27,233
599b07ab-df3d-49b,599b07ab-df3d-49b-TOPIC_26,12
599b07ab-df3d-49b,599b07ab-df3d-49b-TOPIC_25,21
599b07ab-df3d-49b,599b07ab-df3d-49b-TOPIC_24,14
599b07ab-df3d-49b,599b07ab-df3d-49b-TOPIC_23,226
599b07ab-df3d-49b,599b07ab-df3d-49b-TOPIC_22,14
599b07ab-df3d-49b,599b07ab-df3d-49b-TOPIC_21,788
599b07ab-df3d-49b,599b07ab-df3d-49b-TOPIC_20,9
599b07ab-df3d-49b,599b07ab-df3d-49b-TOPIC_19,28
599b07ab-df3d-49b,599b07ab-df3d-49b-TOPIC_18,2344
599b07ab-df3d-49b,599b07ab-df3d-49b-TOPIC_17,10
599b07ab-df3d-49b,599b07ab-df3d-49b-TOPIC_16,13
599b07ab-df3d-49b,599b07ab-df3d-49b-TOPIC_15,11
599b07ab-df3d-49b,599b07ab-df3d-49b-TOPIC_14,16
599b07ab-df3d-49b,599b07ab-df3d-49b-TOPIC_13,15
599b07ab-df3d-49b,599b07ab-df3d-49b-TOPIC_12,11
599b07ab-df3d-49b,599b07ab-df3d-49b-TOPIC_11,12
599b07ab-df3d-49b,599b07ab-df3d-49b-TOPIC_10,13
599b07ab-df3d-49b,599b07ab-df3d-49b-TOPIC_9,13
599b07ab-df3d-49b,599b07ab-df3d-49b-TOPIC_8,15
599b07ab-df3d-49b,599b07ab-df3d-49b-TOPIC_7,119
599b07ab-df3d-49b,599b07ab-df3d-49b-TOPIC_6,13
599b07ab-df3d-49b,599b07ab-df3d-49b-TOPIC_5,14
599b07ab-df3d-49b,599b07ab-df3d-49b-TOPIC_4,14
599b07ab-df3d-49b,599b07ab-df3d-49b-TOPIC_3,2463
599b07ab-df3d-49b,599b07ab-df3d-49b-TOPIC_2,12
599b07ab-df3d-49b,599b07ab-df3d-49b-TOPIC_1,8
599b07ab-df3d-49b,599b07ab-df3d-49b-TOPIC_0,67
2912314e-a515-423,2912314e-a515-423-TOPIC_64,5
2912314e-a515-423,2912314e-a515-423-TOPIC_63,5
2912314e-a515-423,2912314e-a515-423-TOPIC_62,6
2912314e-a515-423,2912314e-a515-423-TOPIC_61,7
2912314e-a515-423,2912314e-a515-423-TOPIC_60,7
2912314e-a515-423,2912314e-a515-423-TOPIC_59,10
2912314e-a515-423,2912314e-a515-423-TOPIC_58,5
2912314e-a515-423,2912314e-a515-423-TOPIC_57,10
2912314e-a515-423,2912314e-a515-423-TOPIC_56,6
2912314e-a515-423,2912314e-a515-423-TOPIC_55,5067
2912314e-a515-423,2912314e-a515-423-TOPIC_54,13
2912314e-a515-423,2912314e-a515-423-TOPIC_53,158
2912314e-a515-423,2912314e-a515-423-TOPIC_52,14
2912314e-a515-423,2912314e-a515-423-TOPIC_51,7
2912314e-a515-423,2912314e-a515-423-TOPIC_50,9
2912314e-a515-423,2912314e-a515-423-TOPIC_49,7
2912314e-a515-423,2912314e-a515-423-TOPIC_48,11
2912314e-a515-423,2912314e-a515-423-TOPIC_47,20
2912314e-a515-423,2912314e-a515-423-TOPIC_46,25
2912314e-a515-423,2912314e-a515-423-TOPIC_45,109
2912314e-a515-423,2912314e-a515-423-TOPIC_44,34
2912314e-a515-423,2912314e-a515-423-TOPIC_43,6
2912314e-a515-423,2912314e-a515-423-TOPIC_42,1
2912314e-a515-423,2912314e-a515-423-TOPIC_41,2
2912314e-a515-423,2912314e-a515-423-TOPIC_40,54
2912314e-a515-423,2912314e-a515-423-TOPIC_39,5
2912314e-a515-423,2912314e-a515-423-TOPIC_38,13
2912314e-a515-423,2912314e-a515-423-TOPIC_37,3
2912314e-a515-423,2912314e-a515-423-TOPIC_36,8
2912314e-a515-423,2912314e-a515-423-TOPIC_35,6
2912314e-a515-423,2912314e-a515-423-TOPIC_34,1
2912314e-a515-423,2912314e-a515-423-TOPIC_33,12
2912314e-a515-423,2912314e-a515-423-TOPIC_32,7
2912314e-a515-423,2912314e-a515-423-TOPIC_31,14
2912314e-a515-423,2912314e-a515-423-TOPIC_30,8
2912314e-a515-423,2912314e-a515-423-TOPIC_29,7
2912314e-a515-423,2912314e-a515-423-TOPIC_28,9
2912314e-a515-423,2912314e-a515-423-TOPIC_27,5
2912314e-a515-423,2912314e-a515-423-TOPIC_26,16
2912314e-a515-423,2912314e-a515-423-TOPIC_25,11
2912314e-a515-423,2912314e-a515-423-TOPIC_24,457
2912314e-a515-423,2912314e-a515-423-TOPIC_23,4
2912314e-a515-423,2912314e-a515-423-TOPIC_22,19
2912314e-a515-423,2912314e-a515-423-TOPIC_21,6
2912314e-a515-423,2912314e-a515-423-TOPIC_20,5
2912314e-a515-423,2912314e-a515-423-TOPIC_19,5
2912314e-a515-423,2912314e-a515-423-TOPIC_18,12
2912314e-a515-423,2912314e-a515-423-TOPIC_17,26
2912314e-a515-423,2912314e-a515-423-TOPIC_16,20
2912314e-a515-423,2912314e-a515-423-TOPIC_15,9
2912314e-a515-423,2912314e-a515-423-TOPIC_14,6
2912314e-a515-423,2912314e-a515-423-TOPIC_13,9
2912314e-a515-423,2912314e-a515-423-TOPIC_12,4
2912314e-a515-423,2912314e-a515-423-TOPIC_11,7
2912314e-a515-423,2912314e-a515-423-TOPIC_10,5
2912314e-a515-423,2912314e-a515-423-TOPIC_9,228
2912314e-a515-423,2912314e-a515-423-TOPIC_8,9
2912314e-a515-423,2912314e-a515-423-TOPIC_7,11
2912314e-a515-423,2912314e-a515-423-TOPIC_6,55
2912314e-a515-423,2912314e-a515-423-TOPIC_5,2297
2912314e-a515-423,2912314e-a515-423-TOPIC_4,13
2912314e-a515-423,2912314e-a515-423-TOPIC_3,158
2912314e-a515-423,2912314e-a515-423-TOPIC_2,9
2912314e-a515-423,2912314e-a515-423-TOPIC_1,4
2912314e-a515-423,2912314e-a515-423-TOPIC_0,59
58266986-14d7-44d,58266986-14d7-44d-TOPIC_64,6
58266986-14d7-44d,58266986-14d7-44d-TOPIC_63,14
58266986-14d7-44d,58266986-14d7-44d-TOPIC_62,10
58266986-14d7-44d,58266986-14d7-44d-TOPIC_61,424
58266986-14d7-44d,58266986-14d7-44d-TOPIC_60,15
58266986-14d7-44d,58266986-14d7-44d-TOPIC_59,4
58266986-14d7-44d,58266986-14d7-44d-TOPIC_58,1602
58266986-14d7-44d,58266986-14d7-44d-TOPIC_57,15
58266986-14d7-44d,58266986-14d7-44d-TOPIC_56,31
58266986-14d7-44d,58266986-14d7-44d-TOPIC_55,13
58266986-14d7-44d,58266986-14d7-44d-TOPIC_54,13
58266986-14d7-44d,58266986-14d7-44d-TOPIC_53,8
58266986-14d7-44d,58266986-14d7-44d-TOPIC_52,11
58266986-14d7-44d,58266986-14d7-44d-TOPIC_51,22
58266986-14d7-44d,58266986-14d7-44d-TOPIC_50,16
58266986-14d7-44d,58266986-14d7-44d-TOPIC_49,12
58266986-14d7-44d,58266986-14d7-44d-TOPIC_48,12
58266986-14d7-44d,58266986-14d7-44d-TOPIC_47,8
58266986-14d7-44d,58266986-14d7-44d-TOPIC_46,9
58266986-14d7-44d,58266986-14d7-44d-TOPIC_45,5
58266986-14d7-44d,58266986-14d7-44d-TOPIC_44,1804
58266986-14d7-44d,58266986-14d7-44d-TOPIC_43,16
58266986-14d7-44d,58266986-14d7-44d-TOPIC_42,12
58266986-14d7-44d,58266986-14d7-44d-TOPIC_41,21
58266986-14d7-44d,58266986-14d7-44d-TOPIC_40,7
58266986-14d7-44d,58266986-14d7-44d-TOPIC_39,28
58266986-14d7-44d,58266986-14d7-44d-TOPIC_38,11
58266986-14d7-44d,58266986-14d7-44d-TOPIC_37,8
58266986-14d7-44d,58266986-14d7-44d-TOPIC_36,8
58266986-14d7-44d,58266986-14d7-44d-TOPIC_35,10
58266986-14d7-44d,58266986-14d7-44d-TOPIC_34,15
58266986-14d7-44d,58266986-14d7-44d-TOPIC_33,81
58266986-14d7-44d,58266986-14d7-44d-TOPIC_32,23
58266986-14d7-44d,58266986-14d7-44d-TOPIC_31,14
58266986-14d7-44d,58266986-14d7-44d-TOPIC_30,49
58266986-14d7-44d,58266986-14d7-44d-TOPIC_29,26
58266986-14d7-44d,58266986-14d7-44d-TOPIC_28,38
58266986-14d7-44d,58266986-14d7-44d-TOPIC_27,19
58266986-14d7-44d,58266986-14d7-44d-TOPIC_26,85
58266986-14d7-44d,58266986-14d7-44d-TOPIC_25,11
58266986-14d7-44d,58266986-14d7-44d-TOPIC_24,13
58266986-14d7-44d,58266986-14d7-44d-TOPIC_23,9
58266986-14d7-44d,58266986-14d7-44d-TOPIC_22,557
58266986-14d7-44d,58266986-14d7-44d-TOPIC_21,13
58266986-14d7-44d,58266986-14d7-44d-TOPIC_20,12
58266986-14d7-44d,58266986-14d7-44d-TOPIC_19,1043
58266986-14d7-44d,58266986-14d7-44d-TOPIC_18,37
58266986-14d7-44d,58266986-14d7-44d-TOPIC_17,15
58266986-14d7-44d,58266986-14d7-44d-TOPIC_16,17
58266986-14d7-44d,58266986-14d7-44d-TOPIC_15,9
58266986-14d7-44d,58266986-14d7-44d-TOPIC_14,22
58266986-14d7-44d,58266986-14d7-44d-TOPIC_13,10
58266986-14d7-44d,58266986-14d7-44d-TOPIC_12,30
58266986-14d7-44d,58266986-14d7-44d-TOPIC_11,19
58266986-14d7-44d,58266986-14d7-44d-TOPIC_10,743
58266986-14d7-44d,58266986-14d7-44d-TOPIC_9,21
58266986-14d7-44d,58266986-14d7-44d-TOPIC_8,7
58266986-14d7-44d,58266986-14d7-44d-TOPIC_7,11
58266986-14d7-44d,58266986-14d7-44d-TOPIC_6,47
58266986-14d7-44d,58266986-14d7-44d-TOPIC_5,24
58266986-14d7-44d,58266986-14d7-44d-TOPIC_4,14
58266986-14d7-44d,58266986-14d7-44d-TOPIC_3,32
58266986-14d7-44d,58266986-14d7-44d-TOPIC_2,22
58266986-14d7-44d,58266986-14d7-44d-TOPIC_1,13
58266986-14d7-44d,58266986-14d7-44d-TOPIC_0,52
a8a49ec3-16f2-49c,a8a49ec3-16f2-49c-TOPIC_64,10
a8a49ec3-16f2-49c,a8a49ec3-16f2-49c-TOPIC_63,11
a8a49ec3-16f2-49c,a8a49ec3-16f2-49c-TOPIC_62,19
a8a49ec3-16f2-49c,a8a49ec3-16f2-49c-TOPIC_61,9
a8a49ec3-16f2-49c,a8a49ec3-16f2-49c-TOPIC_60,15
a8a49ec3-16f2-49c,a8a49ec3-16f2-49c-TOPIC_59,5
a8a49ec3-16f2-49c,a8a49ec3-16f2-49c-TOPIC_58,5
a8a49ec3-16f2-49c,a8a49ec3-16f2-49c-TOPIC_57,2
a8a49ec3-16f2-49c,a8a49ec3-16f2-49c-TOPIC_56,9
a8a49ec3-16f2-49c,a8a49ec3-16f2-49c-TOPIC_55,11
a8a49ec3-16f2-49c,a8a49ec3-16f2-49c-TOPIC_54,1013
a8a49ec3-16f2-49c,a8a49ec3-16f2-49c-TOPIC_53,15
a8a49ec3-16f2-49c,a8a49ec3-16f2-49c-TOPIC_52,13
a8a49ec3-16f2-49c,a8a49ec3-16f2-49c-TOPIC_51,11
a8a49ec3-16f2-49c,a8a49ec3-16f2-49c-TOPIC_50,11
a8a49ec3-16f2-49c,a8a49ec3-16f2-49c-TOPIC_49,8
a8a49ec3-16f2-49c,a8a49ec3-16f2-49c-TOPIC_48,9
a8a49ec3-16f2-49c,a8a49ec3-16f2-49c-TOPIC_47,4
a8a49ec3-16f2-49c,a8a49ec3-16f2-49c-TOPIC_46,23
a8a49ec3-16f2-49c,a8a49ec3-16f2-49c-TOPIC_45,12
a8a49ec3-16f2-49c,a8a49ec3-16f2-49c-TOPIC_44,6
a8a49ec3-16f2-49c,a8a49ec3-16f2-49c-TOPIC_43,5
a8a49ec3-16f2-49c,a8a49ec3-16f2-49c-TOPIC_42,14
a8a49ec3-16f2-49c,a8a49ec3-16f2-49c-TOPIC_41,7
a8a49ec3-16f2-49c,a8a49ec3-16f2-49c-TOPIC_40,8
a8a49ec3-16f2-49c,a8a49ec3-16f2-49c-TOPIC_39,24
a8a49ec3-16f2-49c,a8a49ec3-16f2-49c-TOPIC_38,326
a8a49ec3-16f2-49c,a8a49ec3-16f2-49c-TOPIC_37,4
a8a49ec3-16f2-49c,a8a49ec3-16f2-49c-TOPIC_36,8
a8a49ec3-16f2-49c,a8a49ec3-16f2-49c-TOPIC_35,10
a8a49ec3-16f2-49c,a8a49ec3-16f2-49c-TOPIC_34,40
a8a49ec3-16f2-49c,a8a49ec3-16f2-49c-TOPIC_33,28
a8a49ec3-16f2-49c,a8a49ec3-16f2-49c-TOPIC_32,11
a8a49ec3-16f2-49c,a8a49ec3-16f2-49c-TOPIC_31,8
a8a49ec3-16f2-49c,a8a49ec3-16f2-49c-TOPIC_30,9
a8a49ec3-16f2-49c,a8a49ec3-16f2-49c-TOPIC_29,2313
a8a49ec3-16f2-49c,a8a49ec3-16f2-49c-TOPIC_28,13
a8a49ec3-16f2-49c,a8a49ec3-16f2-49c-TOPIC_27,14
a8a49ec3-16f2-49c,a8a49ec3-16f2-49c-TOPIC_26,11
a8a49ec3-16f2-49c,a8a49ec3-16f2-49c-TOPIC_25,10
a8a49ec3-16f2-49c,a8a49ec3-16f2-49c-TOPIC_24,9
a8a49ec3-16f2-49c,a8a49ec3-16f2-49c-TOPIC_23,129
a8a49ec3-16f2-49c,a8a49ec3-16f2-49c-TOPIC_22,12
a8a49ec3-16f2-49c,a8a49ec3-16f2-49c-TOPIC_21,10
a8a49ec3-16f2-49c,a8a49ec3-16f2-49c-TOPIC_20,58
a8a49ec3-16f2-49c,a8a49ec3-16f2-49c-TOPIC_19,8
a8a49ec3-16f2-49c,a8a49ec3-16f2-49c-TOPIC_18,8
a8a49ec3-16f2-49c,a8a49ec3-16f2-49c-TOPIC_17,4
a8a49ec3-16f2-49c,a8a49ec3-16f2-49c-TOPIC_16,14
a8a49ec3-16f2-49c,a8a49ec3-16f2-49c-TOPIC_15,11
a8a49ec3-16f2-49c,a8a49ec3-16f2-49c-TOPIC_14,8
a8a49ec3-16f2-49c,a8a49ec3-16f2-49c-TOPIC_13,17
a8a49ec3-16f2-49c,a8a49ec3-16f2-49c-TOPIC_12,39
a8a49ec3-16f2-49c,a8a49ec3-16f2-49c-TOPIC_11,11
a8a49ec3-16f2-49c,a8a49ec3-16f2-49c-TOPIC_10,4
a8a49ec3-16f2-49c,a8a49ec3-16f2-49c-TOPIC_9,9
a8a49ec3-16f2-49c,a8a49ec3-16f2-49c-TOPIC_8,7
a8a49ec3-16f2-49c,a8a49ec3-16f2-49c-TOPIC_7,14
a8a49ec3-16f2-49c,a8a49ec3-16f2-49c-TOPIC_6,4
a8a49ec3-16f2-49c,a8a49ec3-16f2-49c-TOPIC_5,20
a8a49ec3-16f2-49c,a8a49ec3-16f2-49c-TOPIC_4,31
a8a49ec3-16f2-49c,a8a49ec3-16f2-49c-TOPIC_3,4
a8a49ec3-16f2-49c,a8a49ec3-16f2-49c-TOPIC_2,14
a8a49ec3-16f2-49c,a8a49ec3-16f2-49c-TOPIC_1,20
a8a49ec3-16f2-49c,a8a49ec3-16f2-49c-TOPIC_0,31
ad672dc7-8894-40c,ad672dc7-8894-40c-TOPIC_64,14
ad672dc7-8894-40c,ad672dc7-8894-40c-TOPIC_63,5
ad672dc7-8894-40c,ad672dc7-8894-40c-TOPIC_62,3
ad672dc7-8894-40c,ad672dc7-8894-40c-TOPIC_61,528
ad672dc7-8894-40c,ad672dc7-8894-40c-TOPIC_60,19
ad672dc7-8894-40c,ad672dc7-8894-40c-TOPIC_59,3
ad672dc7-8894-40c,ad672dc7-8894-40c-TOPIC_58,151
ad672dc7-8894-40c,ad672dc7-8894-40c-TOPIC_57,101
ad672dc7-8894-40c,ad672dc7-8894-40c-TOPIC_56,21
ad672dc7-8894-40c,ad672dc7-8894-40c-TOPIC_55,1
ad672dc7-8894-40c,ad672dc7-8894-40c-TOPIC_54,509
ad672dc7-8894-40c,ad672dc7-8894-40c-TOPIC_53,386
ad672dc7-8894-40c,ad672dc7-8894-40c-TOPIC_52,14
ad672dc7-8894-40c,ad672dc7-8894-40c-TOPIC_51,6
ad672dc7-8894-40c,ad672dc7-8894-40c-TOPIC_50,3
ad672dc7-8894-40c,ad672dc7-8894-40c-TOPIC_49,48
ad672dc7-8894-40c,ad672dc7-8894-40c-TOPIC_48,11
ad672dc7-8894-40c,ad672dc7-8894-40c-TOPIC_47,204
ad672dc7-8894-40c,ad672dc7-8894-40c-TOPIC_46,501
ad672dc7-8894-40c,ad672dc7-8894-40c-TOPIC_45,10
ad672dc7-8894-40c,ad672dc7-8894-40c-TOPIC_44,27
ad672dc7-8894-40c,ad672dc7-8894-40c-TOPIC_43,440
ad672dc7-8894-40c,ad672dc7-8894-40c-TOPIC_41,4
ad672dc7-8894-40c,ad672dc7-8894-40c-TOPIC_40,11
ad672dc7-8894-40c,ad672dc7-8894-40c-TOPIC_39,722
ad672dc7-8894-40c,ad672dc7-8894-40c-TOPIC_38,109
ad672dc7-8894-40c,ad672dc7-8894-40c-TOPIC_37,27
ad672dc7-8894-40c,ad672dc7-8894-40c-TOPIC_36,3
ad672dc7-8894-40c,ad672dc7-8894-40c-TOPIC_35,1037
ad672dc7-8894-40c,ad672dc7-8894-40c-TOPIC_34,147
ad672dc7-8894-40c,ad672dc7-8894-40c-TOPIC_33,59
ad672dc7-8894-40c,ad672dc7-8894-40c-TOPIC_32,13
ad672dc7-8894-40c,ad672dc7-8894-40c-TOPIC_31,25
ad672dc7-8894-40c,ad672dc7-8894-40c-TOPIC_30,24
ad672dc7-8894-40c,ad672dc7-8894-40c-TOPIC_29,12
ad672dc7-8894-40c,ad672dc7-8894-40c-TOPIC_28,8
ad672dc7-8894-40c,ad672dc7-8894-40c-TOPIC_27,361
ad672dc7-8894-40c,ad672dc7-8894-40c-TOPIC_26,59
ad672dc7-8894-40c,ad672dc7-8894-40c-TOPIC_25,41
ad672dc7-8894-40c,ad672dc7-8894-40c-TOPIC_24,73
ad672dc7-8894-40c,ad672dc7-8894-40c-TOPIC_23,310
ad672dc7-8894-40c,ad672dc7-8894-40c-TOPIC_21,1
ad672dc7-8894-40c,ad672dc7-8894-40c-TOPIC_20,4
ad672dc7-8894-40c,ad672dc7-8894-40c-TOPIC_19,249
ad672dc7-8894-40c,ad672dc7-8894-40c-TOPIC_18,3
ad672dc7-8894-40c,ad672dc7-8894-40c-TOPIC_17,16
ad672dc7-8894-40c,ad672dc7-8894-40c-TOPIC_16,27
ad672dc7-8894-40c,ad672dc7-8894-40c-TOPIC_15,1608
ad672dc7-8894-40c,ad672dc7-8894-40c-TOPIC_14,4
ad672dc7-8894-40c,ad672dc7-8894-40c-TOPIC_12,1
ad672dc7-8894-40c,ad672dc7-8894-40c-TOPIC_11,29
ad672dc7-8894-40c,ad672dc7-8894-40c-TOPIC_10,261
ad672dc7-8894-40c,ad672dc7-8894-40c-TOPIC_9,44
ad672dc7-8894-40c,ad672dc7-8894-40c-TOPIC_8,290
ad672dc7-8894-40c,ad672dc7-8894-40c-TOPIC_7,202
ad672dc7-8894-40c,ad672dc7-8894-40c-TOPIC_6,23
ad672dc7-8894-40c,ad672dc7-8894-40c-TOPIC_5,2
ad672dc7-8894-40c,ad672dc7-8894-40c-TOPIC_4,96
ad672dc7-8894-40c,ad672dc7-8894-40c-TOPIC_3,119
ad672dc7-8894-40c,ad672dc7-8894-40c-TOPIC_2,8
ad672dc7-8894-40c,ad672dc7-8894-40c-TOPIC_1,71
ad672dc7-8894-40c,ad672dc7-8894-40c-TOPIC_0,52
d7b5594e-4442-465,d7b5594e-4442-465-TOPIC_89,8
d7b5594e-4442-465,d7b5594e-4442-465-TOPIC_88,16
d7b5594e-4442-465,d7b5594e-4442-465-TOPIC_87,12
d7b5594e-4442-465,d7b5594e-4442-465-TOPIC_86,16
d7b5594e-4442-465,d7b5594e-4442-465-TOPIC_85,37
d7b5594e-4442-465,d7b5594e-4442-465-TOPIC_84,13
d7b5594e-4442-465,d7b5594e-4442-465-TOPIC_83,16
d7b5594e-4442-465,d7b5594e-4442-465-TOPIC_82,23
d7b5594e-4442-465,d7b5594e-4442-465-TOPIC_81,8
d7b5594e-4442-465,d7b5594e-4442-465-TOPIC_80,28
d7b5594e-4442-465,d7b5594e-4442-465-TOPIC_79,38
d7b5594e-4442-465,d7b5594e-4442-465-TOPIC_78,46
d7b5594e-4442-465,d7b5594e-4442-465-TOPIC_77,15
d7b5594e-4442-465,d7b5594e-4442-465-TOPIC_76,8
d7b5594e-4442-465,d7b5594e-4442-465-TOPIC_75,12
d7b5594e-4442-465,d7b5594e-4442-465-TOPIC_74,23
d7b5594e-4442-465,d7b5594e-4442-465-TOPIC_73,70
d7b5594e-4442-465,d7b5594e-4442-465-TOPIC_72,169
d7b5594e-4442-465,d7b5594e-4442-465-TOPIC_71,11
d7b5594e-4442-465,d7b5594e-4442-465-TOPIC_70,12
d7b5594e-4442-465,d7b5594e-4442-465-TOPIC_69,12
d7b5594e-4442-465,d7b5594e-4442-465-TOPIC_68,29
d7b5594e-4442-465,d7b5594e-4442-465-TOPIC_67,15
d7b5594e-4442-465,d7b5594e-4442-465-TOPIC_66,6
d7b5594e-4442-465,d7b5594e-4442-465-TOPIC_65,10
d7b5594e-4442-465,d7b5594e-4442-465-TOPIC_64,26
d7b5594e-4442-465,d7b5594e-4442-465-TOPIC_63,16
d7b5594e-4442-465,d7b5594e-4442-465-TOPIC_62,25
d7b5594e-4442-465,d7b5594e-4442-465-TOPIC_61,15
d7b5594e-4442-465,d7b5594e-4442-465-TOPIC_60,472
d7b5594e-4442-465,d7b5594e-4442-465-TOPIC_59,12
d7b5594e-4442-465,d7b5594e-4442-465-TOPIC_58,321
d7b5594e-4442-465,d7b5594e-4442-465-TOPIC_57,8
d7b5594e-4442-465,d7b5594e-4442-465-TOPIC_56,23
d7b5594e-4442-465,d7b5594e-4442-465-TOPIC_55,9
d7b5594e-4442-465,d7b5594e-4442-465-TOPIC_54,13
d7b5594e-4442-465,d7b5594e-4442-465-TOPIC_53,62
d7b5594e-4442-465,d7b5594e-4442-465-TOPIC_52,10
d7b5594e-4442-465,d7b5594e-4442-465-TOPIC_51,82
d7b5594e-4442-465,d7b5594e-4442-465-TOPIC_50,11
d7b5594e-4442-465,d7b5594e-4442-465-TOPIC_49,15
d7b5594e-4442-465,d7b5594e-4442-465-TOPIC_48,12
d7b5594e-4442-465,d7b5594e-4442-465-TOPIC_47,18
d7b5594e-4442-465,d7b5594e-4442-465-TOPIC_46,3391
d7b5594e-4442-465,d7b5594e-4442-465-TOPIC_45,10
d7b5594e-4442-465,d7b5594e-4442-465-TOPIC_44,14
d7b5594e-4442-465,d7b5594e-4442-465-TOPIC_43,13
d7b5594e-4442-465,d7b5594e-4442-465-TOPIC_42,7
d7b5594e-4442-465,d7b5594e-4442-465-TOPIC_41,9
d7b5594e-4442-465,d7b5594e-4442-465-TOPIC_40,23
d7b5594e-4442-465,d7b5594e-4442-465-TOPIC_39,13
d7b5594e-4442-465,d7b5594e-4442-465-TOPIC_38,20
d7b5594e-4442-465,d7b5594e-4442-465-TOPIC_37,119
d7b5594e-4442-465,d7b5594e-4442-465-TOPIC_36,7
d7b5594e-4442-465,d7b5594e-4442-465-TOPIC_35,15
d7b5594e-4442-465,d7b5594e-4442-465-TOPIC_34,15
d7b5594e-4442-465,d7b5594e-4442-465-TOPIC_33,9
d7b5594e-4442-465,d7b5594e-4442-465-TOPIC_32,17
d7b5594e-4442-465,d7b5594e-4442-465-TOPIC_31,4
d7b5594e-4442-465,d7b5594e-4442-465-TOPIC_30,8
d7b5594e-4442-465,d7b5594e-4442-465-TOPIC_29,2320
d7b5594e-4442-465,d7b5594e-4442-465-TOPIC_28,498
d7b5594e-4442-465,d7b5594e-4442-465-TOPIC_27,34
d7b5594e-4442-465,d7b5594e-4442-465-TOPIC_26,1
d7b5594e-4442-465,d7b5594e-4442-465-TOPIC_25,14
d7b5594e-4442-465,d7b5594e-4442-465-TOPIC_24,40
d7b5594e-4442-465,d7b5594e-4442-465-TOPIC_23,29
d7b5594e-4442-465,d7b5594e-4442-465-TOPIC_22,12
d7b5594e-4442-465,d7b5594e-4442-465-TOPIC_21,13
d7b5594e-4442-465,d7b5594e-4442-465-TOPIC_20,12
d7b5594e-4442-465,d7b5594e-4442-465-TOPIC_19,55
d7b5594e-4442-465,d7b5594e-4442-465-TOPIC_18,9
d7b5594e-4442-465,d7b5594e-4442-465-TOPIC_17,9
d7b5594e-4442-465,d7b5594e-4442-465-TOPIC_16,5
d7b5594e-4442-465,d7b5594e-4442-465-TOPIC_15,5
d7b5594e-4442-465,d7b5594e-4442-465-TOPIC_14,396
d7b5594e-4442-465,d7b5594e-4442-465-TOPIC_13,10
d7b5594e-4442-465,d7b5594e-4442-465-TOPIC_12,11
d7b5594e-4442-465,d7b5594e-4442-465-TOPIC_11,12
d7b5594e-4442-465,d7b5594e-4442-465-TOPIC_10,6
d7b5594e-4442-465,d7b5594e-4442-465-TOPIC_9,6
d7b5594e-4442-465,d7b5594e-4442-465-TOPIC_8,8
d7b5594e-4442-465,d7b5594e-4442-465-TOPIC_7,42
d7b5594e-4442-465,d7b5594e-4442-465-TOPIC_6,5
d7b5594e-4442-465,d7b5594e-4442-465-TOPIC_5,13
d7b5594e-4442-465,d7b5594e-4442-465-TOPIC_4,5
d7b5594e-4442-465,d7b5594e-4442-465-TOPIC_3,24
d7b5594e-4442-465,d7b5594e-4442-465-TOPIC_2,11
d7b5594e-4442-465,d7b5594e-4442-465-TOPIC_1,4
d7b5594e-4442-465,d7b5594e-4442-465-TOPIC_0,54
dbb70741-82ad-415,dbb70741-82ad-415-TOPIC_64,21
dbb70741-82ad-415,dbb70741-82ad-415-TOPIC_63,13
dbb70741-82ad-415,dbb70741-82ad-415-TOPIC_62,4
dbb70741-82ad-415,dbb70741-82ad-415-TOPIC_61,16
dbb70741-82ad-415,dbb70741-82ad-415-TOPIC_60,35
dbb70741-82ad-415,dbb70741-82ad-415-TOPIC_59,2
dbb70741-82ad-415,dbb70741-82ad-415-TOPIC_58,491
dbb70741-82ad-415,dbb70741-82ad-415-TOPIC_57,8
dbb70741-82ad-415,dbb70741-82ad-415-TOPIC_56,30
dbb70741-82ad-415,dbb70741-82ad-415-TOPIC_54,18
dbb70741-82ad-415,dbb70741-82ad-415-TOPIC_53,10
dbb70741-82ad-415,dbb70741-82ad-415-TOPIC_52,16
dbb70741-82ad-415,dbb70741-82ad-415-TOPIC_51,3
dbb70741-82ad-415,dbb70741-82ad-415-TOPIC_50,7
dbb70741-82ad-415,dbb70741-82ad-415-TOPIC_49,1
dbb70741-82ad-415,dbb70741-82ad-415-TOPIC_48,2
dbb70741-82ad-415,dbb70741-82ad-415-TOPIC_47,13
dbb70741-82ad-415,dbb70741-82ad-415-TOPIC_46,13
dbb70741-82ad-415,dbb70741-82ad-415-TOPIC_45,11
dbb70741-82ad-415,dbb70741-82ad-415-TOPIC_44,35
dbb70741-82ad-415,dbb70741-82ad-415-TOPIC_43,105
dbb70741-82ad-415,dbb70741-82ad-415-TOPIC_42,29
dbb70741-82ad-415,dbb70741-82ad-415-TOPIC_41,11
dbb70741-82ad-415,dbb70741-82ad-415-TOPIC_40,26
dbb70741-82ad-415,dbb70741-82ad-415-TOPIC_39,10
dbb70741-82ad-415,dbb70741-82ad-415-TOPIC_38,8
dbb70741-82ad-415,dbb70741-82ad-415-TOPIC_37,3
dbb70741-82ad-415,dbb70741-82ad-415-TOPIC_36,223
dbb70741-82ad-415,dbb70741-82ad-415-TOPIC_35,22
dbb70741-82ad-415,dbb70741-82ad-415-TOPIC_34,28
dbb70741-82ad-415,dbb70741-82ad-415-TOPIC_32,77
dbb70741-82ad-415,dbb70741-82ad-415-TOPIC_31,4
dbb70741-82ad-415,dbb70741-82ad-415-TOPIC_30,1
dbb70741-82ad-415,dbb70741-82ad-415-TOPIC_29,51
dbb70741-82ad-415,dbb70741-82ad-415-TOPIC_28,228
dbb70741-82ad-415,dbb70741-82ad-415-TOPIC_27,83
dbb70741-82ad-415,dbb70741-82ad-415-TOPIC_26,168
dbb70741-82ad-415,dbb70741-82ad-415-TOPIC_25,31
dbb70741-82ad-415,dbb70741-82ad-415-TOPIC_24,5
dbb70741-82ad-415,dbb70741-82ad-415-TOPIC_23,7
dbb70741-82ad-415,dbb70741-82ad-415-TOPIC_22,1297
dbb70741-82ad-415,dbb70741-82ad-415-TOPIC_21,630
dbb70741-82ad-415,dbb70741-82ad-415-TOPIC_20,2698
dbb70741-82ad-415,dbb70741-82ad-415-TOPIC_19,24
dbb70741-82ad-415,dbb70741-82ad-415-TOPIC_18,8
dbb70741-82ad-415,dbb70741-82ad-415-TOPIC_17,25
dbb70741-82ad-415,dbb70741-82ad-415-TOPIC_16,7
dbb70741-82ad-415,dbb70741-82ad-415-TOPIC_15,13
dbb70741-82ad-415,dbb70741-82ad-415-TOPIC_14,79
dbb70741-82ad-415,dbb70741-82ad-415-TOPIC_13,62
dbb70741-82ad-415,dbb70741-82ad-415-TOPIC_12,482
dbb70741-82ad-415,dbb70741-82ad-415-TOPIC_11,102
dbb70741-82ad-415,dbb70741-82ad-415-TOPIC_10,997
dbb70741-82ad-415,dbb70741-82ad-415-TOPIC_9,12
dbb70741-82ad-415,dbb70741-82ad-415-TOPIC_8,109
dbb70741-82ad-415,dbb70741-82ad-415-TOPIC_7,116
dbb70741-82ad-415,dbb70741-82ad-415-TOPIC_6,14
dbb70741-82ad-415,dbb70741-82ad-415-TOPIC_5,13
dbb70741-82ad-415,dbb70741-82ad-415-TOPIC_4,242
dbb70741-82ad-415,dbb70741-82ad-415-TOPIC_3,85
dbb70741-82ad-415,dbb70741-82ad-415-TOPIC_2,211
dbb70741-82ad-415,dbb70741-82ad-415-TOPIC_1,4
dbb70741-82ad-415,dbb70741-82ad-415-TOPIC_0,61
dc8dce44-c36c-456,dc8dce44-c36c-456-TOPIC_64,13
dc8dce44-c36c-456,dc8dce44-c36c-456-TOPIC_63,38
dc8dce44-c36c-456,dc8dce44-c36c-456-TOPIC_62,91
dc8dce44-c36c-456,dc8dce44-c36c-456-TOPIC_61,7
dc8dce44-c36c-456,dc8dce44-c36c-456-TOPIC_60,57
dc8dce44-c36c-456,dc8dce44-c36c-456-TOPIC_59,17
dc8dce44-c36c-456,dc8dce44-c36c-456-TOPIC_58,10
dc8dce44-c36c-456,dc8dce44-c36c-456-TOPIC_57,17
dc8dce44-c36c-456,dc8dce44-c36c-456-TOPIC_56,17
dc8dce44-c36c-456,dc8dce44-c36c-456-TOPIC_55,26
dc8dce44-c36c-456,dc8dce44-c36c-456-TOPIC_54,6
dc8dce44-c36c-456,dc8dce44-c36c-456-TOPIC_53,396
dc8dce44-c36c-456,dc8dce44-c36c-456-TOPIC_52,49
dc8dce44-c36c-456,dc8dce44-c36c-456-TOPIC_51,13
dc8dce44-c36c-456,dc8dce44-c36c-456-TOPIC_50,35
dc8dce44-c36c-456,dc8dce44-c36c-456-TOPIC_49,23
dc8dce44-c36c-456,dc8dce44-c36c-456-TOPIC_48,35
dc8dce44-c36c-456,dc8dce44-c36c-456-TOPIC_47,15
dc8dce44-c36c-456,dc8dce44-c36c-456-TOPIC_46,14
dc8dce44-c36c-456,dc8dce44-c36c-456-TOPIC_45,8
dc8dce44-c36c-456,dc8dce44-c36c-456-TOPIC_44,11
dc8dce44-c36c-456,dc8dce44-c36c-456-TOPIC_43,14
dc8dce44-c36c-456,dc8dce44-c36c-456-TOPIC_42,8
dc8dce44-c36c-456,dc8dce44-c36c-456-TOPIC_41,11
dc8dce44-c36c-456,dc8dce44-c36c-456-TOPIC_40,8
dc8dce44-c36c-456,dc8dce44-c36c-456-TOPIC_39,17
dc8dce44-c36c-456,dc8dce44-c36c-456-TOPIC_38,31
dc8dce44-c36c-456,dc8dce44-c36c-456-TOPIC_37,4
dc8dce44-c36c-456,dc8dce44-c36c-456-TOPIC_36,14
dc8dce44-c36c-456,dc8dce44-c36c-456-TOPIC_35,16
dc8dce44-c36c-456,dc8dce44-c36c-456-TOPIC_34,22
dc8dce44-c36c-456,dc8dce44-c36c-456-TOPIC_33,12
dc8dce44-c36c-456,dc8dce44-c36c-456-TOPIC_32,11
dc8dce44-c36c-456,dc8dce44-c36c-456-TOPIC_31,580
dc8dce44-c36c-456,dc8dce44-c36c-456-TOPIC_30,31
dc8dce44-c36c-456,dc8dce44-c36c-456-TOPIC_29,14
dc8dce44-c36c-456,dc8dce44-c36c-456-TOPIC_28,11
dc8dce44-c36c-456,dc8dce44-c36c-456-TOPIC_27,39
dc8dce44-c36c-456,dc8dce44-c36c-456-TOPIC_26,9
dc8dce44-c36c-456,dc8dce44-c36c-456-TOPIC_25,10
dc8dce44-c36c-456,dc8dce44-c36c-456-TOPIC_24,14
dc8dce44-c36c-456,dc8dce44-c36c-456-TOPIC_23,576
dc8dce44-c36c-456,dc8dce44-c36c-456-TOPIC_22,23
dc8dce44-c36c-456,dc8dce44-c36c-456-TOPIC_21,37
dc8dce44-c36c-456,dc8dce44-c36c-456-TOPIC_20,1865
dc8dce44-c36c-456,dc8dce44-c36c-456-TOPIC_19,10
dc8dce44-c36c-456,dc8dce44-c36c-456-TOPIC_18,8
dc8dce44-c36c-456,dc8dce44-c36c-456-TOPIC_17,67
dc8dce44-c36c-456,dc8dce44-c36c-456-TOPIC_16,7
dc8dce44-c36c-456,dc8dce44-c36c-456-TOPIC_15,21
dc8dce44-c36c-456,dc8dce44-c36c-456-TOPIC_14,11
dc8dce44-c36c-456,dc8dce44-c36c-456-TOPIC_13,13
dc8dce44-c36c-456,dc8dce44-c36c-456-TOPIC_12,7
dc8dce44-c36c-456,dc8dce44-c36c-456-TOPIC_11,200
dc8dce44-c36c-456,dc8dce44-c36c-456-TOPIC_10,15
dc8dce44-c36c-456,dc8dce44-c36c-456-TOPIC_9,20
dc8dce44-c36c-456,dc8dce44-c36c-456-TOPIC_8,24
dc8dce44-c36c-456,dc8dce44-c36c-456-TOPIC_7,15
dc8dce44-c36c-456,dc8dce44-c36c-456-TOPIC_6,142
dc8dce44-c36c-456,dc8dce44-c36c-456-TOPIC_5,12
dc8dce44-c36c-456,dc8dce44-c36c-456-TOPIC_4,21
dc8dce44-c36c-456,dc8dce44-c36c-456-TOPIC_3,42
dc8dce44-c36c-456,dc8dce44-c36c-456-TOPIC_2,19
dc8dce44-c36c-456,dc8dce44-c36c-456-TOPIC_1,11
dc8dce44-c36c-456,dc8dce44-c36c-456-TOPIC_0,4220
e2d1efca-b87d-419,e2d1efca-b87d-419-TOPIC_64,12
e2d1efca-b87d-419,e2d1efca-b87d-419-TOPIC_63,5
e2d1efca-b87d-419,e2d1efca-b87d-419-TOPIC_62,12
e2d1efca-b87d-419,e2d1efca-b87d-419-TOPIC_61,20
e2d1efca-b87d-419,e2d1efca-b87d-419-TOPIC_60,85
e2d1efca-b87d-419,e2d1efca-b87d-419-TOPIC_59,9
e2d1efca-b87d-419,e2d1efca-b87d-419-TOPIC_58,4395
e2d1efca-b87d-419,e2d1efca-b87d-419-TOPIC_57,9
e2d1efca-b87d-419,e2d1efca-b87d-419-TOPIC_56,18
e2d1efca-b87d-419,e2d1efca-b87d-419-TOPIC_55,7
e2d1efca-b87d-419,e2d1efca-b87d-419-TOPIC_54,10
e2d1efca-b87d-419,e2d1efca-b87d-419-TOPIC_53,14
e2d1efca-b87d-419,e2d1efca-b87d-419-TOPIC_52,59
e2d1efca-b87d-419,e2d1efca-b87d-419-TOPIC_51,76
e2d1efca-b87d-419,e2d1efca-b87d-419-TOPIC_50,14
e2d1efca-b87d-419,e2d1efca-b87d-419-TOPIC_49,11
e2d1efca-b87d-419,e2d1efca-b87d-419-TOPIC_48,8
e2d1efca-b87d-419,e2d1efca-b87d-419-TOPIC_47,14
e2d1efca-b87d-419,e2d1efca-b87d-419-TOPIC_46,7
e2d1efca-b87d-419,e2d1efca-b87d-419-TOPIC_45,18
e2d1efca-b87d-419,e2d1efca-b87d-419-TOPIC_44,9
e2d1efca-b87d-419,e2d1efca-b87d-419-TOPIC_43,5
e2d1efca-b87d-419,e2d1efca-b87d-419-TOPIC_42,8
e2d1efca-b87d-419,e2d1efca-b87d-419-TOPIC_41,64
e2d1efca-b87d-419,e2d1efca-b87d-419-TOPIC_40,18
e2d1efca-b87d-419,e2d1efca-b87d-419-TOPIC_39,21
e2d1efca-b87d-419,e2d1efca-b87d-419-TOPIC_38,14
e2d1efca-b87d-419,e2d1efca-b87d-419-TOPIC_37,6
e2d1efca-b87d-419,e2d1efca-b87d-419-TOPIC_36,36
e2d1efca-b87d-419,e2d1efca-b87d-419-TOPIC_35,12
e2d1efca-b87d-419,e2d1efca-b87d-419-TOPIC_34,15
e2d1efca-b87d-419,e2d1efca-b87d-419-TOPIC_33,9
e2d1efca-b87d-419,e2d1efca-b87d-419-TOPIC_32,33
e2d1efca-b87d-419,e2d1efca-b87d-419-TOPIC_31,14
e2d1efca-b87d-419,e2d1efca-b87d-419-TOPIC_30,146
e2d1efca-b87d-419,e2d1efca-b87d-419-TOPIC_29,12
e2d1efca-b87d-419,e2d1efca-b87d-419-TOPIC_28,9
e2d1efca-b87d-419,e2d1efca-b87d-419-TOPIC_27,36
e2d1efca-b87d-419,e2d1efca-b87d-419-TOPIC_26,5
e2d1efca-b87d-419,e2d1efca-b87d-419-TOPIC_25,173
e2d1efca-b87d-419,e2d1efca-b87d-419-TOPIC_24,5
e2d1efca-b87d-419,e2d1efca-b87d-419-TOPIC_23,241
e2d1efca-b87d-419,e2d1efca-b87d-419-TOPIC_22,10
e2d1efca-b87d-419,e2d1efca-b87d-419-TOPIC_21,179
e2d1efca-b87d-419,e2d1efca-b87d-419-TOPIC_20,25
e2d1efca-b87d-419,e2d1efca-b87d-419-TOPIC_19,16
e2d1efca-b87d-419,e2d1efca-b87d-419-TOPIC_18,8
e2d1efca-b87d-419,e2d1efca-b87d-419-TOPIC_17,13
e2d1efca-b87d-419,e2d1efca-b87d-419-TOPIC_16,19
e2d1efca-b87d-419,e2d1efca-b87d-419-TOPIC_15,26
e2d1efca-b87d-419,e2d1efca-b87d-419-TOPIC_14,2320
e2d1efca-b87d-419,e2d1efca-b87d-419-TOPIC_13,104
e2d1efca-b87d-419,e2d1efca-b87d-419-TOPIC_12,14
e2d1efca-b87d-419,e2d1efca-b87d-419-TOPIC_11,552
e2d1efca-b87d-419,e2d1efca-b87d-419-TOPIC_10,12
e2d1efca-b87d-419,e2d1efca-b87d-419-TOPIC_9,7
e2d1efca-b87d-419,e2d1efca-b87d-419-TOPIC_8,12
e2d1efca-b87d-419,e2d1efca-b87d-419-TOPIC_7,5
e2d1efca-b87d-419,e2d1efca-b87d-419-TOPIC_6,14
e2d1efca-b87d-419,e2d1efca-b87d-419-TOPIC_5,11
e2d1efca-b87d-419,e2d1efca-b87d-419-TOPIC_4,15
e2d1efca-b87d-419,e2d1efca-b87d-419-TOPIC_3,17
e2d1efca-b87d-419,e2d1efca-b87d-419-TOPIC_2,26
e2d1efca-b87d-419,e2d1efca-b87d-419-TOPIC_1,7
e2d1efca-b87d-419,e2d1efca-b87d-419-TOPIC_0,54
f69869d8-90b4-410,f69869d8-90b4-410-TOPIC_65,9
f69869d8-90b4-410,f69869d8-90b4-410-TOPIC_64,10
f69869d8-90b4-410,f69869d8-90b4-410-TOPIC_63,11
f69869d8-90b4-410,f69869d8-90b4-410-TOPIC_62,105
f69869d8-90b4-410,f69869d8-90b4-410-TOPIC_61,17
f69869d8-90b4-410,f69869d8-90b4-410-TOPIC_60,18
f69869d8-90b4-410,f69869d8-90b4-410-TOPIC_59,9
f69869d8-90b4-410,f69869d8-90b4-410-TOPIC_58,4191
f69869d8-90b4-410,f69869d8-90b4-410-TOPIC_57,12
f69869d8-90b4-410,f69869d8-90b4-410-TOPIC_56,9
f69869d8-90b4-410,f69869d8-90b4-410-TOPIC_55,17
f69869d8-90b4-410,f69869d8-90b4-410-TOPIC_54,4
f69869d8-90b4-410,f69869d8-90b4-410-TOPIC_53,17
f69869d8-90b4-410,f69869d8-90b4-410-TOPIC_52,2253
f69869d8-90b4-410,f69869d8-90b4-410-TOPIC_51,16
f69869d8-90b4-410,f69869d8-90b4-410-TOPIC_50,14
f69869d8-90b4-410,f69869d8-90b4-410-TOPIC_49,7
f69869d8-90b4-410,f69869d8-90b4-410-TOPIC_48,11
f69869d8-90b4-410,f69869d8-90b4-410-TOPIC_47,10
f69869d8-90b4-410,f69869d8-90b4-410-TOPIC_46,103
f69869d8-90b4-410,f69869d8-90b4-410-TOPIC_45,7
f69869d8-90b4-410,f69869d8-90b4-410-TOPIC_44,9
f69869d8-90b4-410,f69869d8-90b4-410-TOPIC_43,21
f69869d8-90b4-410,f69869d8-90b4-410-TOPIC_42,18
f69869d8-90b4-410,f69869d8-90b4-410-TOPIC_41,16
f69869d8-90b4-410,f69869d8-90b4-410-TOPIC_40,59
f69869d8-90b4-410,f69869d8-90b4-410-TOPIC_39,22
f69869d8-90b4-410,f69869d8-90b4-410-TOPIC_38,11
f69869d8-90b4-410,f69869d8-90b4-410-TOPIC_37,25
f69869d8-90b4-410,f69869d8-90b4-410-TOPIC_36,16
f69869d8-90b4-410,f69869d8-90b4-410-TOPIC_35,58
f69869d8-90b4-410,f69869d8-90b4-410-TOPIC_34,31
f69869d8-90b4-410,f69869d8-90b4-410-TOPIC_33,4
f69869d8-90b4-410,f69869d8-90b4-410-TOPIC_32,16
f69869d8-90b4-410,f69869d8-90b4-410-TOPIC_31,79
f69869d8-90b4-410,f69869d8-90b4-410-TOPIC_30,79
f69869d8-90b4-410,f69869d8-90b4-410-TOPIC_29,16
f69869d8-90b4-410,f69869d8-90b4-410-TOPIC_28,20
f69869d8-90b4-410,f69869d8-90b4-410-TOPIC_27,21
f69869d8-90b4-410,f69869d8-90b4-410-TOPIC_26,11
f69869d8-90b4-410,f69869d8-90b4-410-TOPIC_25,14
f69869d8-90b4-410,f69869d8-90b4-410-TOPIC_24,24
f69869d8-90b4-410,f69869d8-90b4-410-TOPIC_23,684
f69869d8-90b4-410,f69869d8-90b4-410-TOPIC_22,30
f69869d8-90b4-410,f69869d8-90b4-410-TOPIC_21,25
f69869d8-90b4-410,f69869d8-90b4-410-TOPIC_20,22
f69869d8-90b4-410,f69869d8-90b4-410-TOPIC_19,18
f69869d8-90b4-410,f69869d8-90b4-410-TOPIC_18,528
f69869d8-90b4-410,f69869d8-90b4-410-TOPIC_17,21
f69869d8-90b4-410,f69869d8-90b4-410-TOPIC_16,15
f69869d8-90b4-410,f69869d8-90b4-410-TOPIC_15,21
f69869d8-90b4-410,f69869d8-90b4-410-TOPIC_14,10
f69869d8-90b4-410,f69869d8-90b4-410-TOPIC_13,13
f69869d8-90b4-410,f69869d8-90b4-410-TOPIC_12,5
f69869d8-90b4-410,f69869d8-90b4-410-TOPIC_11,10
f69869d8-90b4-410,f69869d8-90b4-410-TOPIC_10,9
f69869d8-90b4-410,f69869d8-90b4-410-TOPIC_9,7
f69869d8-90b4-410,f69869d8-90b4-410-TOPIC_8,24
f69869d8-90b4-410,f69869d8-90b4-410-TOPIC_7,31
f69869d8-90b4-410,f69869d8-90b4-410-TOPIC_6,13
f69869d8-90b4-410,f69869d8-90b4-410-TOPIC_5,12
f69869d8-90b4-410,f69869d8-90b4-410-TOPIC_4,13
f69869d8-90b4-410,f69869d8-90b4-410-TOPIC_3,147
f69869d8-90b4-410,f69869d8-90b4-410-TOPIC_2,8
f69869d8-90b4-410,f69869d8-90b4-410-TOPIC_1,17
f69869d8-90b4-410,f69869d8-90b4-410-TOPIC_0,57
